Link,Title,Location,Salary,Summary
https://kr.indeed.com/viewjob?jk=af70d21b99efd308,new[정보보호팀] 보안 엔지니어,서울 동작구,,"Orchestration, Automation and Response) 도구 사용 경험 - Python 개발 경험 - Snort, Zeek(bro), Osquery, Wazuh 혹은 상용 EDR(Endpoint..."
https://kr.indeed.com/viewjob?jk=d17da0baecf05910,데이터 분야 경력,서울,,"해가 뛰어난 자 - R, Python, SAS, SQL 등 활용 역량 우대사항(해당 내용 중 1개 이상) - ML/DL 경험 인력 우대 - 관련 분야 석사 이상 학위 소지자 우대 - R, Python등 데이터분석 모델링 경험..."
https://kr.indeed.com/viewjob?jk=05d9d628415d5954,new[게임사] 사내 및 서비스 보안 담당자,성남 분당구,,"및 Rule 개발 경력이 있는 분 - 각종 스크립트 언어(Perl, Python, shell script 등)의 활용 능력을 갖춘 분 커리어라임즈... 각종 스크립트 언어(Perl, Python, shell script 등)의..."
https://kr.indeed.com/viewjob?jk=22b6023819d408e0,newData Scientist 경력인재 - 글로벌 우량대기업,서울,,모바일·게임>빅데이터·AI(인공지능)>데이터분석|인터넷·IT·통신·모바일·게임>빅데이터·AI(인공지능)> Python|인터넷·IT·통신·모바일·게임>빅데이터·AI(인공지능)>데이터시각화디자이너|인터넷·IT·통신·모바일·게임...
https://kr.indeed.com/viewjob?jk=b9b3087ba79fce98,new대기업 시큐리티 카메라 SOC 개발자 (판교),서울,"연봉 60,000,000원 - 70,000,000원","VHDL RTL 설계- System-Verilog 및 UVM 설계- Python, C/C++ 가능- Timing report 분석 가능(DC,PT... 게임>빅데이터·AI(인공지능)> Python|인터넷·IT·통신·모바일·게임..."
https://kr.indeed.com/viewjob?jk=754be9e3d78fa802,2021년 상반기 R&D 개발자 (병역특례 가능/경력 무관),인천 연수구,,"담당업무: - 블루투스 메시 기반 위치 추적 솔루션 개발 - 상기 솔루션의 임베디드 펌웨어 개발 - C(필수), Python, Javascript 프로그래밍 언어 사용 - 기술 지원 [자격요건] 경력사항: 무관 (신입도 지원..."
https://kr.indeed.com/viewjob?jk=4adac8923476d038,프랭클린템플턴투신운용 Junior Trader (Quant base 필수),대한민국,,"object-oriented programming and intermediate programming proficiency in Python, R or MATLAB, and SQL are essential. Licenses..."
https://kr.indeed.com/viewjob?jk=a0dda478567db352,"(주)트윔 개발자(경력직) 빅데이터,영상처리,머신비전/AI 딥러닝",경기도 화성,,"자기주도적으로 진행한 경험 - Python/C/C++ 능통자 - 데이터... RNN 등 딥러닝 이론 및 알고리즘 유경험자 - C/C++, Java, Python/TensorFlow/Caffe 사용가능자 - Matlab/R 분석..."
https://kr.indeed.com/viewjob?jk=1c2dec1a2156f6aa,(데이터개발) API플랫폼 개발자,성남 분당구,,"architecture를 구현하고 이를 효과적으로 관리할 수 있는 기반 개발 지원자격 - Java, Go, Python 중 한 가지 이상의 언어를 이용한 웹 서비스 개발 경험이 있으신 분 - MySQL 등의 RDBMS..."
https://kr.indeed.com/viewjob?jk=9111cf617b9f0b41,new(주)엘솔루 웹 개발자,서울,,Stack 개발 유경험자. Javascript / React / Python / NodeJS 개발 유경험자 Node.js 개발 유경험자 HTML 5... ㆍJavascript / React / Python / 인터넷·IT·통신...
https://kr.indeed.com/viewjob?jk=0064deb5fa9cbce0,데이터 사이언티스트 모집,성남 판교역,,"양한 실험을 통해 알고리즘을 개선합니다. 지원자격 지원자격 하나 이상의 프로그래밍 언어에 익숙한 분( Python, Java, C/C++, Scala 등) 머신러닝/딥러닝 오픈소스를 이용하여 1년 이상 특정 서비스에 모델..."
https://kr.indeed.com/viewjob?jk=2f10405c3308e959,2021년 전문직(데이터 분석전문가),경상북도 김천,,게임>빅데이터·AI(인공지능)> Python|인터넷·IT·통신·모바일·게임... 게임>응용프로그래머>인공지능(AI)|인터넷·IT·통신·모바일·게임>응용프로그래머> Python|인터넷·IT·통신·모바일·게임>웹프로그래머> Python
https://kr.indeed.com/viewjob?jk=14d562d10c215572,"PHP, Python 신입/경력 정규직",서울 금천구,,"주식회사 비즈부스터 PHP, Python 개발자 채용 모집부문 및 자격요건 담당업무 자격요건 인원 [담당업무]*당사의 서비스(비즈탑) 솔루션 및 서비... 프로그래머>PHP |인터넷·IT·통신·모바일·게임>웹프로그래머> Python"
https://kr.indeed.com/viewjob?jk=4cb99359286be26c,new(주)엘솔루 웹 프로그래머,서울,,그래머>웹개발|인터넷·IT·통신·모바일·게임>웹프로그래머>JAVA|인터넷·IT·통신·모바일·게임>웹프로그래머> Python|경영·인사·총무·사무>경영·기획·전략>경영기획|경영·인사·총무·사무>경영·기획·전략>사업기획|경영·인사...
https://kr.indeed.com/viewjob?jk=1d656bb9193f8e04,new미래금융팀 경력직원(데이터분석),대한민국,,"데이터 과학 관련 학위 소유 · 데이터 마이닝, 통계, 머신러닝 관련 지식 및 활용경험 · 프로그램 언어( Python, C) 경험 - 우대사항 · 금융기관 데이터 분석 및 금융 시계열 데이터 분석 프로젝트 경험 · Graph..."
https://kr.indeed.com/viewjob?jk=2b9e604e63e7e46d,[카카오커머스] 기술직군,성남 분당구,,"우대사항 - 전자금융 감독규정, PCIDSS에 대한 실무 경험이나 이해도가 높으신 분 - JAVA, Python, shell script 등 개발 역량을 갖추신 분 - 웹/앱 취약점 진단 및 모의해킹 역량을 갖추신..."
https://kr.indeed.com/viewjob?jk=45e2530522c7472a,"newPython, 인공지능(AI) 외 신입/경력 정규직",성남 분당구,,제출서류에 허위사실이 있을 경우 채용이 취소될 수 있습니다. 인터넷·IT·통신·모바일·게임>응용프로그래머> Python|인터넷·IT·통신·모바일·게임>데이터베이스·DBA>Oracle DB|인터넷·IT·통신·모바일·게임>ERP...
https://kr.indeed.com/viewjob?jk=f5a55624fe53d770,Data Scientist (KOREA),충청북도 청주,,"data visualization * Experience using tools... SAS JMP, Python, Matlab, KNIME, and SIMCA * Experience with developing..."
https://kr.indeed.com/viewjob?jk=eaee1538d8cc832f,메시지발송 플랫폼 개발자,성남 분당구,,"개발 가능하면서 python 개발 경험 소유자(또는 Python 개발 가능... NET 또는 python 개발 경력 5년이상 - 자동화를 위한 스크립트(powershell, bash, python 등) 경험 - Windows..."
https://kr.indeed.com/viewjob?jk=c80b67aa02a7b226,인공지능연구소 우수인력 초빙 - 연구원 및 연구관리직 -,광주 북구,,"기술 컴퓨터사이언스, 머신러닝, 컴파일러, 자연언어 처리, 네트워킹, 지능형 센서 관련 지식 Python/Java/C++/Web/App/API 프로그래밍, 딥러닝, 자연어처리, TCP/IP 등에 대한 지식 필요기술..."
https://kr.indeed.com/viewjob?jk=0f284536b918df4f,newCloudNative Engineer,경기도 성남,,"Jenkins,argonCD 등의 CI/CD 서비스 운영 - Python등을 이용한 업무 효율화/자동화 개발 [자격요건] - Cloud... 작업 경험이 있으신 분 - Python,perl 등을 이용한 업무 효율화..."
https://kr.indeed.com/viewjob?jk=7fe7cc44708cc133,"Python, C++, App 개발",안산 원곡동,"연봉 30,000,000원","상용직 근무예정지 경기도 안산시 단원구 능안로 4039호 (신길동,안산디지털파크) 인근지하철 직무내용 python/CPP 프로그래밍 경력조건 무관 필요경력 자격면허 병역 병역 특례 무관 외국어 능력 컴퓨터 활용 채용가능..."
https://kr.indeed.com/viewjob?jk=ac9068957c550cb3,데이터 전문가(모델러/분석가/엔지니어) 모집,성남 판교역,,대용량 데이터를 효율적으로 사용하기 위한 기반 데이터 가공 지원자격 데이터 사이언스를 위한 언어(R/ Python/Scala) 및 도구(scikit-learn/Spark MLlib/Tensorflow/Pytorch 등)를...
https://kr.indeed.com/viewjob?jk=006e17961eb8087a,딥러닝 개발인력 - 2021년?춘천시?일자리박람회?참여업체,강원도 춘천,,"W 개발 , 의료AI 개발 자격요건 : - 컴퓨터비전 및 딥러닝 이론에 대한 전반적인 이해 - C++ , Python 프로그래밍 가능 기타 : 수습기간 있음 (3개월 이내) [근무시간 및 형태] 주 5일 근무 (오전) 9시..."
https://kr.indeed.com/viewjob?jk=d330e919051497ab,Data Scientist,경기도 화성,,long periods of time (up to 1 month each time). Programming – python proficient. Machine learning and data science experience...
https://kr.indeed.com/viewjob?jk=15edcadd124ad99a,매칭 데이터분석,성남 분당구,,"최적화 된 모델을 적용하고 평가합니다. 지원자격 [이런 경험을 가진 파티원을 찾습니다.] - SQL, Python 등의 언어를 통해 데이터를 가공한 경험이 있는 분을 찾습니다. - 문제에 적합한 머신러닝 모델을 선택하고..."
https://kr.indeed.com/viewjob?jk=69d9407fc0aa91c5,new반도체 신입 정규직,경기도 화성,,"반도체 평가및 분석. PCB회로설계. 반도체 공정기술. S/W 개발 [자격요건]. 관련전공 및 관련 학과. Python, C, C++ 이용 경험자. 신입 및 경력 2년 이내[ 우대사항]. 영어가능자 0 명 근무조건 고용형태..."
https://kr.indeed.com/viewjob?jk=6f59a1e078546beb,"new[부산 IT 취업교육] 자바·빅데이터 실무개발자 , 네트워크·파이썬 실무전문가",부산 부산진구,,통신·모바일·게임>웹프로그래머>백엔드|인터넷·IT·통신·모바일·게임>응용프로그래머>Android|인터넷·IT·통신·모바일·게임>빅데이터·AI(인공지능)> Python|인터넷·IT·통신·모바일·게임>빅데이터·AI(인공지능)>R
https://kr.indeed.com/viewjob?jk=ff5b5fcb175a0edd,newVision AI Engineer,대한민국,,"좋아하고 팀원들과 소통하며 함께 성장하는 것을 추구하시는 분 다음 중 하나 이상의 언어에 능숙하신 분 ( Python/C, C++/Java/Object C/Swift/Kotlin) 우대사항 석사 또는 박사 학위를 보유하신 분..."
https://kr.indeed.com/viewjob?jk=07375dc4e800dfa9,추천 시스템 소프트웨어 엔지니어,성남 판교역,,"관련 업무 경험자 우대사항 운영체제, 네트워크, 컴파일러, 데이터베이스에 대한 이해가 깊으신 분 Python, C++, GPU 프로그래밍 숙련자 대용량/실시간 서비스 개발/운영 경험이 많으신 분 ICPC/TopCoder..."
https://kr.indeed.com/viewjob?jk=db50e8f6906d9e66,new대기업 영상처리 관련 IP 개발자 (판교),서울,"연봉 60,000,000원 - 70,000,000원","Verification- Mentor Catapult HLS Tool 경험자- Python 가능[근무부서 및 직급/직책]직급/직책: 대리, 과장... 게임>빅데이터·AI(인공지능)> Python|인터넷·IT·통신·모바일·게임..."
https://kr.indeed.com/viewjob?jk=f39f8695610d4d2f,Virtual Robotics Simulation Engineer,서울 서초구,,"C/C++, Software Design, Debugging Skills - 스크립트 언어 개발 경험 ( Python, Bash, etc) 3. 우대사항 - ROS2 환경 개발 경험 - Unreal Engine, Unity..."
https://kr.indeed.com/viewjob?jk=4d62f108017056a2,백엔드개발 인공지능바이오제약코스닥기업,대한민국,,"선과 신규 서비스의 UI, 기능을 설계 및 개발"" ※ 자격조건 - python 개발 경험(기본) - non-sql DB, sql DB 중 1개 이상... 사용 경험 - 풀스택 개발자 - python, C# 동시 사용"" 기타정보..."
https://kr.indeed.com/viewjob?jk=89f3e10d77a126bf,Field Service Engineer,경기도 용인,,"troubleshooting. Preferably to have coding capability (Matlab, Python...etc... data analysis, visualization, and algorithm..."
https://kr.indeed.com/viewjob?jk=1806287902a1a36e,[데이터센터] (경력/신입) 카카오 데이터센터 Data Scientist 모집,성남 판교역,,"않고, 기술이 비즈니스 가치로 변모할 수 있는 그 가능성에 집중합니다. 지원자격 필수사항 Go, Python, Scala, Java, C/C++ 중 하나 이상의 언어에 능숙하신 분 SQL 또는 HiveQL에 능숙하신..."
https://kr.indeed.com/viewjob?jk=abbb8df34c660e0a,"빅데이터, (AI)인공지능 외 신입/경력 인턴 (정규직전환)",서울 금천구,,인공지능)>인공지능(AI)|인터넷·IT·통신·모바일·게임>빅데이터·AI(인공지능)>데이터분석|인터넷·IT·통신·모바일·게임>빅데이터·AI(인공지능)> Python|인터넷·IT·통신·모바일·게임>빅데이터·AI(인공지능)>딥러닝
https://kr.indeed.com/viewjob?jk=a1a89406f38aabeb,Social Media Data Analyst,대한민국,,경력이 있으신 분 주체적으로 도메인 업무를 분석하여 정리하는 데 익숙하신 분 데이터 분석 및 추출을 위한 Python 언어를 사용할 수 있으신 분 긍정적으로 다른 분야의 팀과 작업 및 협업할 수 있으신 분 관계형 DB의 사용...
https://kr.indeed.com/viewjob?jk=7f13c34298c6450b,new코스닥 상장 게임회사 서비스 보안 담당자,성남 분당구,"연봉 60,000,000원 - 70,000,000원","분 - IDS / IPS 패턴 분석 및 Rule 개발 경력이 있는 분 - 각종 스크립트 언어(Perl, Python, shell script 등)의 활용 능력을 갖춘 분[근무부서 및 직급/직책]직급/직책: 대리, 과장 [자격..."
https://kr.indeed.com/viewjob?jk=c39d18040425ef53,PostgreSQL 운영 및 데이터베이스 관리자 모집,성남 판교역,,"청하고 잘 이해하는 분 Database 운영 유경험자 ( PostgreSQL 운영 경험이 있으신 분 우대) python, go, bash 등 개발 경험이 있는 분 우대 클라우드 환경의 DB시스템 구축 및 운영 경험이 있는 분..."
https://kr.indeed.com/viewjob?jk=7fe629cb8c674cc5,"new[대기업] 딥러닝(AI) 영상분석(영상인식, 얼굴인식)",서울,,공지능)>딥러닝|인터넷·IT·통신·모바일·게임>빅데이터·AI(인공지능)> Python|인터넷·IT·통신·모바일·게임>빅데이터·AI(인공지능)>데이터분석... 통신·모바일·게임>응용프로그래머> Python|인터넷·IT·통신·모바일·게임...
https://kr.indeed.com/viewjob?jk=29faa893f345e036,GEDP,경기도 성남,,using C programming language Scripting languages like Lua/ Python/JavaScript may also be used if needed Support connected...
https://kr.indeed.com/viewjob?jk=89f20c4eca4f47e5,newIndustrial Engineer - Korea,부산,,"region. Proficiency in programming languages (ie. SQL, Python) Experience programming in Tableau or other data visualization..."
https://kr.indeed.com/viewjob?jk=9941b739641f430e,"정보시스템, Python 외 경력 정규직",경기도 부천,"연봉 40,000,000원 - 50,000,000원",인터넷·IT·통신·모바일·게임>네트워크·서버·보안>정보시스템|인터넷·IT·통신·모바일·게임>응용프로그래머> Python|인터넷·IT·통신·모바일·게임>응용프로그래머>인공지능(AI)|인터넷·IT·통신·모바일·게임>응용프로그래머...
https://kr.indeed.com/viewjob?jk=551409751649bb42,new[진행중] 우리은행 AI사업부 전문직(인공지능(AI) 모델링) 채용공고,서울 회현동,,"조건 중 한 가지 이상 충족) - 인공지능 알고리즘 설계/검증 및 성능 개선 업무 경력 보유 - Python, R 등 프로그래밍 활용 역량 보유 - 은행, 카드, 보험 등 금융 분야 프로젝트 리더 경험자 우대사..."
https://kr.indeed.com/viewjob?jk=84fd9f9deb6105b0,"웹개발, Python 외 신입/경력 계약직",서울 강서구,,"주식회사 쿠바로엠앤씨 웹개발, Python 외 신입/경력 계약직 채용 모집... 게임>웹프로그래머>웹개발|인터넷·IT·통신·모바일·게임>웹프로그래머> Python|인터넷·IT·통신·모바일·게임>웹프로그래머>백엔드|인터넷·IT·통신..."
https://kr.indeed.com/viewjob?jk=2d6758e0cf68af13,new[TmaxTibero/기술] DBMS 제품 QA 신입 및 경력,성남 분당구,,연관 3rd Party 제품 기술지원 경험자(경력 지원자) - Unix/Linux 경험자 - Java/C/ Python/shell 초급 개발자/경험자(경력 지원자) - S/W QA 경험자(경력 지원자) - CDC 제품 사용...
https://kr.indeed.com/viewjob?jk=10c5107f8bac04ff,new[웹젠] 사내IT인프라(신입/경력),성남 분당구,,"Terraform 등 운영 경험이 있는 분 - Powershell, Python, Bash,Batch 작성이 가능한 분 - L2,L3 네트워크 기본... 있는 분 - Powershell, Python, Bash,Batch 작성이..."
https://kr.indeed.com/viewjob?jk=249eeb434d15e731,new연구소 개발부문 연구원 직원 (회로설계/하드웨어설계/머신비전/이미지프로세싱),경기도 광명,"연봉 42,000,000원","그래밍 가능자 우대 S/W 설계 부문 : - OPEN CV, TENSORFLOW, YOLO, CUDA/ Python, C++, C WindowsGUL APL, MFC Lib 활용 가능자. 머신비전/ 영상처리 개발자 * 전기..."
https://kr.indeed.com/viewjob?jk=100cb32e95d18fc1,[대형증권사] IT보안,서울 강남구,,"기획 운영 - 인증서비스 마케팅 - 신원확인업무 기획 학력사항: 대학교(4년)졸업 -이공계 전공, C#, Python,JavaScript,SQL 사용 가능 우대 0 명 근무조건 고용형태: 정규직급여조건: 연봉 협의 후 결정..."
https://kr.indeed.com/viewjob?jk=be6c1f03fa566f8e,추천 시스템 연구/개발,성남 판교역,,"분야 석사 또는 박사 학위 소지자 적어도 하나 이상의 능숙한 프로그래밍 언어가 있으신 분 우대사항 Python, C++, GPU 프로그래밍 숙련자 TensorFlow, PyTorch, implicit 등 머신러닝/추천..."
https://kr.indeed.com/viewjob?jk=da280e20451ce755,Integration Engineer,서울 강남구,"연봉 40,000,000원 - 50,000,000원","algorithm • (Preferred) Experience of variant script language ( Python, Shell) • (Preferred) Experience of Linux build system..."
https://kr.indeed.com/viewjob?jk=d8a8869ab092f731,데이터 엔지니어 및 사이언티스트,성남 판교역,,"등 데이터 엔지니어와 사이언티스트의 업무를 경계 없이 수행하게 됩니다. 지원자격 개발 경력 3년 이상 Python, Scala, Java, C++ 중 하나 이상의 언어에 능통 SQL 또는 HiveQL에 능통 대용량 데이..."
https://kr.indeed.com/viewjob?jk=e951171f8f1cb118,[EY컨설팅] 컨설팅본부 Data & Analytics팀 (데이터 전략 및 3개 포지션) 경력 컨설턴트 모집,대한민국,,"데이터 분석 업무 경력 - R 또는 Python 활용한 데이터 전처리 및 분석 모델링, 시각화/리포팅 경험자 - 분석 기획-수행-결과 보고를 위한 원활한 커뮤니케이션 및 문서 작성 능력 - Python 딥러닝 프레임워크..."
https://kr.indeed.com/viewjob?jk=9214061c8bc345b2,FX,서울 서초구,,후디니 사용자 – 이펙트 요소 표현에 뛰어난 감각 소유 – VFX 파이프라인에 대한 이해도 우대사항 – Python 등 Scripting 유경험자 전형절차 서류전형 1차 실무면접 2차 임원면접 최종합격 서류전형 1차 실무면...
https://kr.indeed.com/viewjob?jk=7fdcd7a7457b1e93,데이터 분석,경기도 성남,,"의 서비스 이용/소비형태/이상현상과 트렌드 변화가 궁금하신 분 - B2C서비스 데이터 분석 직군에서 데이터 핸들링 경험이 있으신 분 - SQL,Excel,R, Python 등을 이용하여 데이터 추출 또는 분석이 가능하신 분"
https://kr.indeed.com/viewjob?jk=a1f840f86b4fcee6,newEnterprise Sales Engineer,서울,,"programming/scripting with any... following: Java, Python, Ruby, Go, Node.JS, PHP... NET etc. Someone... minimum..."
https://kr.indeed.com/viewjob?jk=aac8e9355cb855ac,[인재풀] 아티스트,서울,,Maya or 3D Max등의 아트웍 툴 사용 경험 Max script 또는 Mel Script의 사용 경험 C# 또는 Python 언어에 대한 이해 및 활용 능력 아트웍 관련 툴 제작 또는 플러그인 제작 경험
https://kr.indeed.com/viewjob?jk=de1dab43d7a681ba,웹개발자 - PHP/MYSQL/PYTHON,서울 마포구,"월급 2,200,000원 - 2,400,000원",지원자격 경력 신입·경력 학력 - 성별 무관 기타 담당업무 PHP / MYSQL 을 기본으로 하는 웹 개발 업무 회원가입 / 게시판 연동 등의 기본 데이터베이스 스키마 설계 사이트 분석 및 유지보수 등을 기본 업무로 합니다...
https://kr.indeed.com/viewjob?jk=c6cbe4d8dd9afcb1,사내 및 서비스 보안 담당자 (경력),대한민국,,"있는 분 - IDS / IPS 패턴 분석 및 Rule 개발 경력이 있는 분 - 각종 스크립트 언어(Perl, Python, shell script 등)의 활용 능력을 갖춘 분 모집기간 채용시 마감 고용형태 정규직"
https://kr.indeed.com/viewjob?jk=77dfad5a778a94c2,Senior Data Scientist,서울,,"leadership. Fluency... least one scripting language (e.g. Python, R) Fluency in English local office language is required..."
https://kr.indeed.com/viewjob?jk=c39d18040425ef53,PostgreSQL 운영 및 데이터베이스 관리자 모집,성남 판교역,,"청하고 잘 이해하는 분 Database 운영 유경험자 ( PostgreSQL 운영 경험이 있으신 분 우대) python, go, bash 등 개발 경험이 있는 분 우대 클라우드 환경의 DB시스템 구축 및 운영 경험이 있는 분..."
https://kr.indeed.com/viewjob?jk=0ad6d55e97b4e1e5,Data Center Operations Engineer,서울,,"vendors · Scripting skills - Bash, Python, Perl, etc. · Project coordination... 스크립팅 기술 - Bash, Python, Perl 등 보유자 · 프로젝트..."
https://kr.indeed.com/viewjob?jk=dbe3257e487e5814,[AI/Lab] AI 백엔드 엔지니어 (전문연구요원 가능),서울,,"플랫폼 및 시스템 구축 이런 분을 찾습니다 주도적으로 문제를 찾고, 해결할 수 있는 능력을 보유하신 분 Python 사용 경험이 있으신 분 다음 항목 중 두 가지 이상에 해당되는 분 AWS 혹은 GCP와 같은 클라우드 플랫폼..."
https://kr.indeed.com/viewjob?jk=5e7dc1196f13b938,"NAVER, LINE 서비스 플랫폼 운영",성남 삼평동,,"유하신 분 - 프로그래밍 언어( python, java, c언어 등) 초급... System, WEB/WAS, DB운영 경험 - 프로그래밍 언어( python, java, c언어 등) 중급 이상 - 국가보훈대상자 및 장애인은..."
https://kr.indeed.com/viewjob?jk=5fabc892216e1c62,[Data Science Div - Business Insights Dept] Business Data An...,서울,,"analytics... digital, consumer facing company Knowledge of Python and Spark Experience with large individual customer..."
https://kr.indeed.com/viewjob?jk=edf8d34357ba0747,Web Full-Stack Engineer,서울,,related field. Proficiency in one of Java/Typescript/ Python programming languages. Familiarity with front-end frameworks...
https://kr.indeed.com/viewjob?jk=7b01b148de539ca1,new클라우드 엔지니어,서울 구로구,,"새로운 환경을 익히는 것에 즐거움을 느끼시는 분 - DevOps개발자로 성장하고 싶으신 분 우대사항 - Python 개발 경험이 있으신 분 - 대용량 트래픽 및 트래픽 분산 처리 경험이 있으신 분 - Ansible, Chef..."
https://kr.indeed.com/viewjob?jk=15edcadd124ad99a,매칭 데이터분석,성남 분당구,,"최적화 된 모델을 적용하고 평가합니다. 지원자격 [이런 경험을 가진 파티원을 찾습니다.] - SQL, Python 등의 언어를 통해 데이터를 가공한 경험이 있는 분을 찾습니다. - 문제에 적합한 머신러닝 모델을 선택하고..."
https://kr.indeed.com/viewjob?jk=43fca0900e0df847,"newSenior Technical Support Engineer, APAC",서울,,"experience... least 2 programming languages like Bash, C, Python, GO, etc . Experience with Ubuntu or Debian. Must..."
https://kr.indeed.com/viewjob?jk=1b62babbbf2d717a,경험최적화 - 데이터 사이언티스트/분석가,성남 분당구,,피처 탐색 등) - 게임 내 행동 패턴 로그 분석과 패턴 식별 및 이를 통한 서비스 개선 지원자격 - Python을 사용한 데이터 분석 및 모델 개발 경험 - 머신러닝 라이브러리 활용 경험 - 셀프 모티베이션과 원활한...
https://kr.indeed.com/viewjob?jk=f5a55624fe53d770,Data Scientist (KOREA),충청북도 청주,,"data visualization * Experience using tools... SAS JMP, Python, Matlab, KNIME, and SIMCA * Experience with developing..."
https://kr.indeed.com/viewjob?jk=d4e0ea410b5cedb2,[국내 최고회사] Front-End 개발자,성남 분당구,,프론트엔드|인터넷·IT·통신·모바일·게임>웹프로그래머>웹개발|인터넷·IT·통신·모바일·게임>웹프로그래머> Python|인터넷·IT·통신·모바일·게임>웹기획·웹마케팅·PM>웹서비스기획|인터넷·IT·통신·모바일·게임>웹기획·웹마케...
https://kr.indeed.com/viewjob?jk=806a082758707a8f,Application Engineer III - (E3),대한민국,,"trainer. 7. Direct experience of algorithm writing (e.g., R, Python... plus. 8. Travel to international locations at ~25..."
https://kr.indeed.com/viewjob?jk=1b9055656aa259b7,Database Engineer 모집,성남 판교역,,"및 트러블슈팅 가능자 - 다양한 Public Cloud DB products에 대한 이해 - Script( python, bash, powershell) 언어 가능자 우대사항 - 상황 대처 / 문제 해결 / 공감 능력 보유자..."
https://kr.indeed.com/viewjob?jk=2d6758e0cf68af13,new[TmaxTibero/기술] DBMS 제품 QA 신입 및 경력,성남 분당구,,연관 3rd Party 제품 기술지원 경험자(경력 지원자) - Unix/Linux 경험자 - Java/C/ Python/shell 초급 개발자/경험자(경력 지원자) - S/W QA 경험자(경력 지원자) - CDC 제품 사용...
https://kr.indeed.com/viewjob?jk=d8b341c63c65093f,Engineering Technologist – EDA data storage solutions,서울,,years deploying complex EDA solutions. Able to leverage Python or Java scripting where possible to automate and work smarter...
https://kr.indeed.com/viewjob?jk=6222ccd51e1464f0,Application Architect,서울,,"C#, Swift, Node.js, Python, Go, or Ruby... JavaScript, C / C ++, C #, Swift, Node.js, Python, Go 또는 Ruby 중 두 개 이상의 언어를 활용한 코딩..."
https://kr.indeed.com/viewjob?jk=7df915e1f0f86b2d,Software Architecture 설계 엔지니어,성남 분당구,"연봉 40,000,000원 - 100,000,000원",경험 - Windows/Linux 상에서 C++/ Python 언어 사용 개발 경험 - C++ / Python 언어 사용 개발 경험 - 객체지향 설계에... 게임>빅데이터·AI(인공지능)> Python|인터넷·IT·통신·모바일·게임...
https://kr.indeed.com/viewjob?jk=649ccf047c868778,"금융 데이터 분석 엔진, 로보어드바이저 개발자",서울 영등포구,,"시스템, 머신러닝, 자연어처리. 패턴분석 - 다음 언어에서 최소 한 가지 이상 능숙자: Java, C++, Python, JavaScript 우대사항 - 석사이상 컴퓨터공학 (Computer Science) 분야 또는..."
https://kr.indeed.com/viewjob?jk=f03820a677487093,new(사)한국우정기술협회 시스템 개발기획·설계 경력직,서울 중구,"월급 4,400,000원","서비스 개발기획 경험자ㆍ요구사항정의, 품질, 형상관리 등의 수행 가능자ㆍ Python, SQL, HTML 등에 대한 이해 또는 사용 경험ㆍ기획, 디자인... 통신·모바일·게임>웹프로그래머> Python|인터넷·IT·통신·모바일·게임..."
https://kr.indeed.com/viewjob?jk=47209d0b3b717673,꿈꾸는 개발자 데뷔코스 싹(SSAC) 3기 교육생,서울 영등포구,,로그래머>머신러닝(ML)|인터넷·IT·통신·모바일·게임>응용프로그래머> Python|인터넷·IT·통신·모바일·게임>응용프로그래머>증강현실(AR)|인터넷... 통신·모바일·게임>웹프로그래머> Python|인터넷·IT·통신·모바일·게임...
https://kr.indeed.com/viewjob?jk=2b33400b94b52275,[NAVER Cloud] Network Engineering,서울,,"네트워크 설계, 구축, 운영 경험을 보유하신 분 - 운영 자동화를 위한 운영도구 개발 경험을 보유하신 분 - Python, Ansible 등에 대한 이해와 이를 활용한 개발 경험을 보유하신 분 - 클라우드 네트워크 설계/구축..."
https://kr.indeed.com/viewjob?jk=02f450f1246c5489,[서울지사][던파모바일2D] 서버 빌드 담당자,제주도,,"C/C++ 사용이 능숙하신 분 우대사항 - DevOps 관련 경험 - 하나 이상의 스크립트 언어 ( Python, PowerShell, Bash, Groovy… )에 능숙하신 분 - Windows/Linux 서버 운영체제에..."
https://kr.indeed.com/viewjob?jk=0c09254fab96033b,[PUBG Revenue Analytics Team] Data Analyst,서울,,"소통 자격 요건 관련 경력 2년 이상 통계/수학/프로그래밍을 비롯한 quantitative 영역 전공자 Python, SQL 혹은 실무에서의 프로그래밍 언어 활용 경험 커뮤니케이션 능력이 좋으신 분 PUBG 게임을 좋아하..."
https://kr.indeed.com/viewjob?jk=53c9b864322c48ea,ADAS 카메라 System SW 분야,서울특별시,,Service/Application 개발 경험. ㆍ영상 처리 및 영상 데이터 컨트롤 - 중급 이상 C/C++/ Python/MATLAB 및 computer vision관련 tool 활용 가능 - Image geometry 및...
https://kr.indeed.com/viewjob?jk=58ead3610b119e16,Senior Software Engineer - Server Platform,서울,,"및 구축 클라우드 환경에서의 서버 배치 및 운영 핵심 자격요건 Python, Java, Kotlin, Go, C++ 등 서버 사이드 프로그래밍... Understanding of Python, Java, and Event..."
https://kr.indeed.com/viewjob?jk=528df56ab819f3d1,new[한화생명] 클라우드 솔루션스 아키텍트(Cloud SA) 경력직 채용,서울,,"Services, Naver Cloud, Google Cloud Platform 등 - Shell, Java, Python 등 0 여의도 (63빌딩) 한화인 공고 내 1:1 문의 응시 자격 • 모집요강 참고 전형 절차..."
https://kr.indeed.com/viewjob?jk=a8652de7f123ef15,"C, C++, JAVA, PYTHON 프로그래머.",서울 구로구,"연봉 26,000,000원","모집직종, 모집인원, 학력, 전공, 고용형태, 근무예정지, 인근지하철, 직무내용, 경력조건, 필요경력, 자격면허, 병역, 병역특례, 외국어 능력, 컴퓨터 활용, 채용가능 장애유형, 장려금 지급 대상자 채용희망 등 구인정보..."
https://kr.indeed.com/viewjob?jk=cae2de07045cfb2b,"Java, Python 영상툴 개발자",서울 마곡동,,원하면 가능) 담당업무 - 영상 라벨링 Tool 개발 - Tool 정확성 개선 자격요건 - Java - Python 우대사항 - 관련 개발 경력 - 툴개발 경력 근무조건 - 월~금 AM9:30 ~ PM18:30 복지...
https://kr.indeed.com/viewjob?jk=a2b38b230474e622,카카오 전사 QA 모집,성남 판교역,,"협업도구 (JIRA, Github 등)에 대한 경험이 있으신 분 테스트자동화 설계경험자 혹은 스크립트 언어( python, java, javascript 등) 가능자 긍정적인 마인드와 유연한 커뮤니케이션 능력 보유 능동적이고..."
https://kr.indeed.com/viewjob?jk=aadf188700dfc3ed,"new신입 및 경력직원 수시 (대체투자본부, 평가사업본부, IT본부, 금융컨설팅본부)",대한민국,,"개발 및 운영 -Django( Python)으로 개발된 시스템 운영 *필요... 버의 관리 경험 - CD/CI에 대한 구성/관리 경험 - VBA, Python 개발 경험 (6) 모집부서: <금융컨설팅본부> *포지션: 경력 *담당..."
https://kr.indeed.com/viewjob?jk=ceb8243bc8ae3c35,[데이터 플랫폼]데이터 엔지니어 (전문연구요원 가능),서울,,및 유지보수 이런 분을 찾습니다 관련 업무 경력 최소 3년 이상 있으신 분 (전문연구요원의 경우 경력 무관) Python 및 기반 데이터 플랫폼 개발 경험이 있으신 분 Docker(Contatiner) 기반 시스템 환경 구축...
https://kr.indeed.com/viewjob?jk=adbf5cf50b7bf610,Sr. Application Engineer,서울,,"Test & Measurement preferred • Software & GUI skill like Python, LabVIEW and MATLAB is preferred • Ability to deal..."
https://kr.indeed.com/viewjob?jk=4d9591a0cece1e3d,new서비스 플랫폼 웹 개발자 모집,성남 판교역,,"기술 트랜드에 지속적인 관심을 가지며, 배움에 적극적인 분 우대사항 - Front-End 웹 개발 경험 - Python, Django Framework을 이용한 서비스 개발 경험 - Kafka, Redis 를 이용한 서비스..."
https://kr.indeed.com/viewjob?jk=f061ad59a499c0b2,new[웹젠] 보안분석(경력),성남 분당구,,분 - 모의해킹 경험이 있는 분 - 침해사고 대응 경험이 있는 분 - Python 개발 능력을 보유한 분 ﻿ 우대사항 - 해킹 대회 입상자 • 기타... 사고 대응 경험이 있는 분 - Python 개발 능력을 보유한 분 ﻿ 우대...
https://kr.indeed.com/viewjob?jk=d5359470266f3880,new미래금융팀 경력직원(시스템운영),대한민국,,"활용한 DevOps 사용 경험 · 클라우드 서비스 이용 경험(IaaS, PaaS) · 프로그램 언어(C, Python, Java 등) - 공통사항 · 당사 내부 규정상 결격사유 없는 자 3. 원서접수 - 접수기간: 2021..."
https://kr.indeed.com/viewjob?jk=319096356ebacb1b,SIMULIA User Success Engineering Manager,서울,,"programming languages... Java, JSP, JavaScript, Python, MQL, HTML, XML, C++, Visual Basic, VBScript, FORTRAN (Plus..."
https://kr.indeed.com/viewjob?jk=1c4f1c0b625f5abd,데이터 사이언티스트 직군 모집,서울 구로구,,"요건 - 관련 분야 경력 3년 이상 - 정형/비정형 데이터 분석 및 모델링 가능 - 통계 분석 도구 (R, Python, Tensorflow 등) 및 SQL 사용 가능 - 다양한 직군의 사람들과 원활한 커뮤니케이션 및 협업..."
https://kr.indeed.com/viewjob?jk=6f59a1e078546beb,"new[부산 IT 취업교육] 자바·빅데이터 실무개발자 , 네트워크·파이썬 실무전문가",부산 부산진구,,통신·모바일·게임>웹프로그래머>백엔드|인터넷·IT·통신·모바일·게임>응용프로그래머>Android|인터넷·IT·통신·모바일·게임>빅데이터·AI(인공지능)> Python|인터넷·IT·통신·모바일·게임>빅데이터·AI(인공지능)>R
https://kr.indeed.com/viewjob?jk=ebf9012bb4033db5,new프런트엔드 개발에 관심많은 팀원,서울 용산구,,및 제출서류에 허위사실이 있을 경우 채용이 취소될 수 있습니다. 인터넷·IT·통신·모바일·게임>웹프로그래머> Python|인터넷·IT·통신·모바일·게임>웹프로그래머>JAVA|인터넷·IT·통신·모바일·게임>웹프로그래머>.NET...
https://kr.indeed.com/viewjob?jk=add880a19f345249,"Customer Engineer, Machine Learning, Google Cloud Customers",서울,,"Caffe, as well as numerical programming frameworks... Python or MATLAB. Preferred qualifications: Master's degree..."
https://kr.indeed.com/viewjob?jk=f78288e880673af0,Software Engineer - Test,서울,,"experience... least one of following programming languages: Python, Ruby, Java, C++. Experience in multiple languages..."
https://kr.indeed.com/viewjob?jk=5914e6785894d3bd,new[진행중] 우리은행 빅데이터사업부 전문직(데이터 사이언티스트(데이터분석가)) 채용공고,서울 회현동,,ML/DL 기술을 활용한 분석모델 개발 및 서비스를 적용해 본 경험이 있는자 - 데이터 분석을 위한 언어( Python/R)를 하나 이상 능숙하게 다룰 수 있는자 우대사항 - 금융분야 ML/DL 관련 업무 경력 2년...
https://kr.indeed.com/viewjob?jk=c5a2d1029018e4ba,newExpat: Experimental Physicist Tuning an Monitoring,경기도 화성,,Experience in using office programs and Unix (Linux) Python and Jira experience is preferred. Deliberate and organized work...
https://kr.indeed.com/viewjob?jk=38ad04210fb69749,newCV(Computer Vision) 개발 경력사원 채용,서울,,"Recognition, Semantic Segmentation 연구개발 경험자 영상처리 관련 서비스 개발 경험자 Python 프로그래밍 가능자 0명 서울 을지로 '1:1 문의하기' 등록 응시 자격 해외 여행에 결격사유가..."
https://kr.indeed.com/viewjob?jk=46580c9ffa9d5233,newData Science Engineer,서울 강남구,,"당하는 경험이 있으신분 - 실무 3년 이상의 경험이 있으신분 - R, Python 등 언어를 활용한 데이터 정제, 분석, 모델링, 시각화 경험이 있으... 이상의 경험이 있으신분- R, Python 등 언어를 활용한 데이터 정제..."
https://kr.indeed.com/viewjob?jk=ac64fda2e281b835,"newSoftware Engineer, People with Disabilities (장애인 채용)",서울,,"languages, including... limited to: C++, Java, C and Python. Experience in a variety of projects utilizing natural..."
https://kr.indeed.com/viewjob?jk=dc74730c92ce5050,newData Scientist,서울 영등포구,,"기반 예측, 모델링 프로젝트 경험자 데이터 분석/모델링을 위한 언어 및 프레임워크 사용에 익숙하신 분 ( Python, R, SQL, Pandas, TensorFlow, Pytorch, Spark 등) 회사 내부 구성원들과..."
https://kr.indeed.com/viewjob?jk=03183dbe1db35308,newApplication Engineer,경기도 성남,,high-level programming language... C++/Java/ Python. Some coursework or application experience in industrial robotics...
https://kr.indeed.com/viewjob?jk=6d6a50ade4777d90,new로봇용 카메라 및 컴퓨터비전 SW개발자,서울 서초구,,"Robotics * Mendatory - Strong C/C++ Skills, Good skills on Python or simmilar script laguages - Strong understanding..."
https://kr.indeed.com/viewjob?jk=34f22fafb415ec3c,newData Analyst,서울 영등포구,,"가지신 분 Business Intelligence 시스템 및 비즈니스 리포팅 툴의 활용 능력 프로그래밍 언어( Python/R, etc)를 활용하여 데이터 분석이 가능하신 분 더 나은 데이터 기반 서비스를 만들기 위해 동료들과..."
https://kr.indeed.com/viewjob?jk=44f16e94e3e6b589,"Staff Software Engineer, Maps & Navigation, Seoul, Korea",서울,,"industry Fluency in English Proficient in one of C++, Python Experience writing and shipping customer-facing code High..."
https://kr.indeed.com/viewjob?jk=62860441de1e2d5f,[Clova] Voice&Avatar 음성합성 및 Avatar 개발 체험형 인턴,서울,,"령화 모델 개발 경험을 보유하고 있는 분 머신러닝을 활용한 서비스 개발 경험을 보유하고 있는 분 C/C++, Python 등 숙련된 개발 능력이 있는 분 전형절차 및 기타사항 1 전형절차 서류전형 > 온라인 코딩테스트 > 1..."
https://kr.indeed.com/viewjob?jk=b574f1454ae36aab,Cross Border Ecommerce - Business Intelligence (Based in Seo...,서울,,business analyst related roles Proficient in SQL and Python Strong analytical skill and sensitivity to data Strong oral...
https://kr.indeed.com/viewjob?jk=e8bbe081133f8cd6,보안분야 경력,서울,,"정보보호 자격증 보유 ② 네트워크 스캐닝 및 서버OS침투 경험 ③ Python Exploit 작성 가능, 해킹대회 수상 ④ 웹, 모바일앱 등 다양한... SCADA 프로토콜 이해 ③ Python Exploit 작성 가능 상세..."
https://kr.indeed.com/viewjob?jk=c3db6ec00a95f955,new[대형증권사] IT퀀트 개발자,서울 강남구,,"로세스에 대한 이해학력사항: 대학교(4년)졸업 - 이공계 전공, C#, Python,JavaScript,SQL 사용 가능 우대 0 명 근무조건 고용형태... 통신·모바일·게임>웹프로그래머> Python|인터넷·IT·통신·모바일·게임..."
https://kr.indeed.com/viewjob?jk=69d9407fc0aa91c5,new반도체 신입 정규직,경기도 화성,,"반도체 평가및 분석. PCB회로설계. 반도체 공정기술. S/W 개발 [자격요건]. 관련전공 및 관련 학과. Python, C, C++ 이용 경험자. 신입 및 경력 2년 이내[ 우대사항]. 영어가능자 0 명 근무조건 고용형태..."
https://kr.indeed.com/viewjob?jk=bb5ae480fe3200b9,Data Scientist,서울,,"skills in Python, and ideally in other languages like R, SQL, Hive Sql, C++ • Hands-on experience with Python libraries..."
https://kr.indeed.com/viewjob?jk=5ea9ea023c6ccc03,"newS/W 엔지니어, 데이터분석 신입/경력 정규직, 인턴",성남 분당구,,"케이션 제작 및 유지보수 업무- Python, Golang, QT 중 선택... 2. 시스템프로그래머- Python, Golang, QT 중 선택 가능3. 영상데이터 분석 및 모델링- python기반 영상데이터 분석 및 모델링..."
https://kr.indeed.com/viewjob?jk=89f20c4eca4f47e5,newIndustrial Engineer - Korea,부산,,"region. Proficiency in programming languages (ie. SQL, Python) Experience programming in Tableau or other data visualization..."
https://kr.indeed.com/viewjob?jk=0f7993638aee82bd,Deep Learning Researcher (Intern),서울,,"Adversarial attacks, examples Minimum Qualifications • Python Programming • Deep learning with hands-on experience of deep..."
https://kr.indeed.com/viewjob?jk=9acc17c535b42959,2021년 (신입) 전문연구요원 모집,성남 판교역,,"병역특례 전문연구요원 - Python/C++/Java/C# 개발 경험... 유연한 사고와 원활한 커뮤니케이션 능력 우대 - C/C++, Python 등 개발 숙련자 우대 공통지원자격(필수) - 해당 분야 석사 이상..."
https://kr.indeed.com/viewjob?jk=e8a4630bec0783e8,2021 Market Data Analyst - Seoul,서울,,"work experience using one more programming language... Python, SQL and R Fluency in Korean and English (both spoken..."
https://kr.indeed.com/viewjob?jk=ccd4f5407a32ba6a,Data Scientist,서울,,"analysis a plus, Programming... scripting exp.: eg. Python, C#, VBA, Java, Perl, etc. Experience in applied analytics..."
https://kr.indeed.com/viewjob?jk=9193b9de45a0ac1c,Embedded Software Engineer - Connected,경기도 성남,,"skills with C, C++ and other script languages (i.e. python etc..) Strong knowledge... IOT devices communication protocols..."
https://kr.indeed.com/viewjob?jk=5e7e4d7e2d4f11d2,new[전액무료] 뉴딜인턴연계과정 정보보호 인재양성과정 교육생,서울,,로그래머>백엔드|인터넷·IT·통신·모바일·게임>웹프로그래머>프론트엔드|인터넷·IT·통신·모바일·게임>웹프로그래머> Python|인터넷·IT·통신·모바일·게임>웹프로그래머>ASP.NET|인터넷·IT·통신·모바일·게임>웹프로그래머...
https://kr.indeed.com/viewjob?jk=fa0c5ae0f1dce736,2021년 7월 경력사원 (생산/공정/기반/설비기술 등),청주 오창읍,,"운영 및 공정 레시피 관리 필수사항 - 통계적 Data 분석 능력 - Python, R 등 프로그래밍 활용 능력 우대사항 - 석/박사 학위 - 외국어... PJT 수행 경험 - R, Python, Keras, C# 등 Tool..."
https://kr.indeed.com/viewjob?jk=71c47ac87bb4087e,기술 인턴 인공지능 응용 연구/개발 인턴,서울 관악구,,"6개월) (협의) *모집 절차: 서류 à인터뷰(오프라인) *지원 자격: 프로그래밍 언어 활용 능력: Python, C, C++ 중 1가지 이상 데이터구조, 알고리즘 과목 이수 머신러닝과 딥러닝의 기본 개념 이해 머신러닝..."
https://kr.indeed.com/viewjob?jk=efec71e8e5ec12ce,"연구, 연구관리 신입/경력 계약직",서울 노원구,"연봉 40,000,000원 - 50,000,000원",인터넷·IT·통신·모바일·게임>응용프로그래머>머신러닝(ML)|인터넷·IT·통신·모바일·게임>응용프로그래머> Python|인터넷·IT·통신·모바일·게임>응용프로그래머>증강현실(AR)|인터넷·IT·통신·모바일·게임>응용프로그래머...
https://kr.indeed.com/viewjob?jk=45e2530522c7472a,"newPython, 인공지능(AI) 외 신입/경력 정규직",성남 분당구,,제출서류에 허위사실이 있을 경우 채용이 취소될 수 있습니다. 인터넷·IT·통신·모바일·게임>응용프로그래머> Python|인터넷·IT·통신·모바일·게임>데이터베이스·DBA>Oracle DB|인터넷·IT·통신·모바일·게임>ERP...
https://kr.indeed.com/viewjob?jk=193689f298ddc5c6,new데이터 분석 시스템 개발자 (Python),서울 영등포구,,통신·모바일·게임>빅데이터·AI(인공지능)>빅데이터|인터넷·IT·통신·모바일·게임>빅데이터·AI(인공지능)> Python|인터넷·IT·통신·모바일·게임>빅데이터·AI(인공지능)>머신러닝|인터넷·IT·통신·모바일·게임>데이터베이...
https://kr.indeed.com/viewjob?jk=743714ccc494176c,IT Project Manager,서울,,3) Network Programming skills (e.g. C/Java/ Python) or ability to read and write SQL... skills (e.g. C/Java/ Python) or ability...
https://kr.indeed.com/viewjob?jk=06d133676285b02e,보안 분야,성남 판교역,,"계층별/영역별 취약점에 대한 충분한 이해 - CVE 보안취약점 분석 및 대응 역량 - C, Java, Python 등을 통한 업무 자동화 및 분석도구 개발 경험 - 리버스 엔지니어링에 능숙하거나 다수의 버그바운티 참여..."
https://kr.indeed.com/viewjob?jk=864be0963e8989bd,"소프트웨어, Python 경력 정규직",서울 강남구,,자유롭게 연락을 주시면 더 자세한 정보를 드리도록 하겠습니다. Job description은 인터넷·IT·통신·모바일·게임>소프트웨어·하드웨어>소프트웨어|인터넷·IT·통신·모바일·게임>빅데이터·AI(인공지능)> Python
https://kr.indeed.com/viewjob?jk=18b288e9021d899f,NAVER IDC 서버 운영/관리,춘천 동면,,"Web, WAS에 대한 지식과 System application 운영 경험 - Shell script, python 활용 가능 - 해외 데이터센터 인프라 구축 또는 운영 경험 - 국가보훈대상자 및 장애인은 법령에 의거 우대..."
https://kr.indeed.com/viewjob?jk=a1b71860d9732bbc,2021년 하반기 오픈메이트온 백엔드 부문,서울 중구,,"양식 지원 아직 커리어에 이력서를 등록하지 않으셨다면!! 상세 이력서 등록하기 지원양식 커리어 온라인 이력서 직무/산업 직무별(직종) 웹프로그래머웹프로그래머, Python 산업별(업종) 솔루션.ASP.소프트웨어 소프트웨어개발"
https://kr.indeed.com/viewjob?jk=303d6142461dbab5,2021년 제6차 직원 공개경쟁,전주 덕진구,,통신·모바일·게임>빅데이터·AI(인공지능)>머신러닝|인터넷·IT·통신·모바일·게임>빅데이터·AI(인공지능)> Python|인터넷·IT·통신·모바일·게임>ERP·시스템분석·설계>빅데이터|인터넷·IT·통신·모바일·게임>ERP·시스...
https://kr.indeed.com/viewjob?jk=7cb5c3076d1701db,"Staff Field Applications Engineer, Audio",서울,,"High level or detailed knowledge of SOC design. C/C++, python coding skills. Knowledge of music, audio/video production..."
https://kr.indeed.com/viewjob?jk=b2260d1fb794c644,Cloud Support Engineer - Linux,서울,,"NoSQL(Redis, Memcached). · Programming/scripting in Python/Java/Shell/Perl/Ruby/PHP/etc. · Experience managing full..."
https://kr.indeed.com/viewjob?jk=aa13332a8009c705,Application Engineer Korea,경기도 화성,,"You are committing to support the team in challenging situations. Python, Office solutions and Linux experience is beneficial..."
https://kr.indeed.com/viewjob?jk=d17da0baecf05910,데이터 분야 경력,서울,,"해가 뛰어난 자 - R, Python, SAS, SQL 등 활용 역량 우대사항(해당 내용 중 1개 이상) - ML/DL 경험 인력 우대 - 관련 분야 석사 이상 학위 소지자 우대 - R, Python등 데이터분석 모델링 경험..."
https://kr.indeed.com/viewjob?jk=65b07465cbe8ffe7,"Student Training in Engineering Program, 2021, People with D...",서울,,"Computer Science or a related field. Programming experience in Java, Python, C... C++. About the job Student Training..."
https://kr.indeed.com/viewjob?jk=403d01daf3b52b71,new자바와 파이썬 이용한 데이터분석 전문가 양성과정,서울 서초구,,팀 프로젝트 python Programming python DataScience python web programming (Django) python... 통신·모바일·게임>웹프로그래머> Python|인터넷·IT·통신·모바일·게임...
https://kr.indeed.com/viewjob?jk=64e8a0d36e790764,newASIC 디지털 로직설계 연계형 인턴,서울 서초구,,"설계 경험 - FPGA 기반의 Hardware 검증경험 - UVM 활용 역량 보유 - 스크립트 언어( Python, Shell script, etc)를 활용한 automation 역량보유 함께하고 싶은 사람 - 새로운 것을..."
https://kr.indeed.com/viewjob?jk=ded8bcea22397699,[Janssen] Data Scientist,서울,,"Expertise in one or more programming languages... R, Python or SAS. • Knowledge of relational database architecture..."
https://kr.indeed.com/viewjob?jk=ce9c3b4a5d5cb142,[더존ICT그룹] 2021년 7월 신입 및 경력사원,대한민국,,그래머>Ruby|인터넷·IT·통신·모바일·게임>웹프로그래머>프론트엔드|인터넷·IT·통신·모바일·게임>웹프로그래머> Python|인터넷·IT·통신·모바일·게임>웹프로그래머>ASP.NET|인터넷·IT·통신·모바일·게임>웹프로그래머...
https://kr.indeed.com/viewjob?jk=e7c8c2b11f24fb43,Software Engineer,서울,,"languages, including... limited to: C++, Java, C and Python. Excellent written and verbal communication skills. About..."
https://kr.indeed.com/viewjob?jk=61b0c0fde5bb6acc,"newAnalyst, Data Science",서울,,"experience is added advantage Preferably candidates with SPSS, R, Python or other Statistical packages experience Familiar MS..."
https://kr.indeed.com/viewjob?jk=de8dda97b31b027d,Deep Learning Engineer Intern,서울,,optimization strategies Programming skills with Python/C++ Experience working with one or more deep learning frameworks...
https://kr.indeed.com/viewjob?jk=d5f2f2df4f605b94,new2021년 금융 Data Scientist 컨설턴트,서울 종로구,,"ML 등) 또는 오픈 소프( Python, R 등)을 활용한 데이터 분석 및... 패키지(SAS, SPSS, ML Package 등) 또는 오픈 소스( Python, R 등)를 활용한 데이터 분석 및 모형개발 프로젝트 경험자 우대..."
https://kr.indeed.com/viewjob?jk=c269b5db3e5a68d4,Data Mining Specialist,서울,,"Preferably understanding of analytics and business intelligence technologies... R, Python, Power BI or MS AI solutions"
https://kr.indeed.com/viewjob?jk=0f284536b918df4f,newCloudNative Engineer,경기도 성남,,"Jenkins,argonCD 등의 CI/CD 서비스 운영 - Python등을 이용한 업무 효율화/자동화 개발 [자격요건] - Cloud... 작업 경험이 있으신 분 - Python,perl 등을 이용한 업무 효율화..."
https://kr.indeed.com/viewjob?jk=e4e7e2e0d73f981f,Data Scientist,경기도 평택,,"Tools, and Techniques Demonstrated proficiency with R or Python, and SQL to manipulate data and draw insights from large..."
https://kr.indeed.com/viewjob?jk=2f10405c3308e959,2021년 전문직(데이터 분석전문가),경상북도 김천,,게임>빅데이터·AI(인공지능)> Python|인터넷·IT·통신·모바일·게임... 게임>응용프로그래머>인공지능(AI)|인터넷·IT·통신·모바일·게임>응용프로그래머> Python|인터넷·IT·통신·모바일·게임>웹프로그래머> Python
https://kr.indeed.com/viewjob?jk=aea07d26df8ae423,Machine Learning Researcher – Audio and Speech,서울,,experience in machine learning • Programming skill in Python or C/C++ • Experience in PyTorch (preferred) or TensorFlow...
https://kr.indeed.com/viewjob?jk=9b06bfcc16e5fe06,KAIST 문화기술연구소 비주얼미디어연구실(노준용 교수) 연수연구원 및 위촉연구원(전문연구요원 포함) 모집...,대전 유성구,,"및 비전 분야 박사 학위 소지자 - 컴퓨터 프로그래밍 가능자 (C++, Python 등 ) ※ 콘텐츠 제작 플랫폼 및 프로그램 개발을 위한 논문 구현... 퓨터 프로그래밍 가능자 (C++, Python 등 ) ※ 콘텐츠 제작 플랫..."
https://kr.indeed.com/viewjob?jk=2ad85b06dc1bc1a4,Software Quality Engineer,서울,,"development process improvements Scripting experience with Python, Shell Scripts, Ruby. Preferences: Familiarity..."
https://kr.indeed.com/viewjob?jk=fec4bd361c177418,Associate Cloud Developer,서울,,"languages: Java, Python, Ruby, Node.js... 동등한 수준의 STEM 관련 분야 학사 학위 혹은 경험 · Java, Python, Ruby, Node.js, C # 또는 C ++ 중 하나 이상의..."
https://kr.indeed.com/viewjob?jk=27d7e0e6e1cd10f0,Application Engineer - HAV,경기도 성남,,"C/C++ for IP verification Knowledge of scripting using Perl, Python, Makefile with UNIX... LINUX platforms Knowledge..."
https://kr.indeed.com/viewjob?jk=d330e919051497ab,Data Scientist,경기도 화성,,long periods of time (up to 1 month each time). Programming – python proficient. Machine learning and data science experience...
https://kr.indeed.com/viewjob?jk=a1a89406f38aabeb,Social Media Data Analyst,대한민국,,경력이 있으신 분 주체적으로 도메인 업무를 분석하여 정리하는 데 익숙하신 분 데이터 분석 및 추출을 위한 Python 언어를 사용할 수 있으신 분 긍정적으로 다른 분야의 팀과 작업 및 협업할 수 있으신 분 관계형 DB의 사용...
https://kr.indeed.com/viewjob?jk=9d38e1d4227a0857,[Creative] Cinematic Effector (시네마틱 이펙터),서울,,"PUBG에 대한 관심과 이해 언리얼 머테리얼/블루프린트 제작에 능숙하신 분 RnD 좋아하시는 분 C++, Python 사용 경험자 MAYA 활용이 가능하신 분 고용 형태 정규직 근무지 서울 본사 (역삼) 제출 서류 입사지원서..."
https://kr.indeed.com/viewjob?jk=508842f94e68d789,시스템 엔지니어,전라남도,,"엔지니어 모집부문 및 자격요건 담당업무 자격요건 근무지 [담당업무]공장제어 시스템 운영 및 개발 C#, Python, or Java 중 1개 이상 활용 가능자 [자격요건]경력사항: 신입, 경력(5년 이상 )학력사항: 대학교..."
https://kr.indeed.com/viewjob?jk=cee59491258e51bc,newSK 브로드밴드 AI 전문가 경력사원,서울특별시,,"활용한 서비스 개발 경험 필수 - 미디어/커머스/전자/IT 업계 경험 3년 이상 역량/지식/자격증 - Python(또는 Scala, JAVA) 활용 역량 필수 - 딥러닝 프레임워크 활용 역량 탁월 - Text AI..."
https://kr.indeed.com/viewjob?jk=2c1f4ddcfe63bbd0,Software Engineer - Embedded,경기도 성남,,"C (must have) and C++(optional), lua(optional), python(optional) and Object Oriented Programming. Deep knowledge..."
https://kr.indeed.com/viewjob?jk=10c5107f8bac04ff,new[웹젠] 사내IT인프라(신입/경력),성남 분당구,,"Terraform 등 운영 경험이 있는 분 - Powershell, Python, Bash,Batch 작성이 가능한 분 - L2,L3 네트워크 기본... 있는 분 - Powershell, Python, Bash,Batch 작성이..."
https://kr.indeed.com/viewjob?jk=db50e8f6906d9e66,new대기업 영상처리 관련 IP 개발자 (판교),서울,"연봉 60,000,000원 - 70,000,000원","Verification- Mentor Catapult HLS Tool 경험자- Python 가능[근무부서 및 직급/직책]직급/직책: 대리, 과장... 게임>빅데이터·AI(인공지능)> Python|인터넷·IT·통신·모바일·게임..."
https://kr.indeed.com/viewjob?jk=df21e3bb5d773616,Python Programmer,서울 서초구,,개발 – JAVA 프로그래밍(라이브러리 활용) – Spring 프레임 워크 개발 – Python API 프로그래밍 우대사항 – Python 개발 경험 – Open Source 라이브러리 개발경험 – Web 표준에 대한 경험...
https://kr.indeed.com/viewjob?jk=b3a6c83c9debcb92,네이버 파이낸셜 플랫폼 운영,성남 삼평동,,"Docker(kubernetes) 및 어플리케이션 배포 전략 지식 보유 - Shell script, python 및 web framework 등 기타 프로그래밍 언어 활용 가능 - 국가보훈대상자 및 장애인은 법령에 의거..."
https://kr.indeed.com/viewjob?jk=e97e5ff34697d5a9,[KRAFTON] 음성 (TTS/STT) 딥러닝 엔지니어,서울,,험을 보유하신 분 독창적인 기술 제시 및 문제 해결을 위한 프로그래밍 능력을 보유하신 분 (C/C++/ Python/shell 등) 오픈소스 기반 딥 러닝 프레임워크 활용 능력을 보유하신 분 (PyTorch/TensorFlow...
https://kr.indeed.com/viewjob?jk=4cb99359286be26c,new(주)엘솔루 웹 프로그래머,서울,,그래머>웹개발|인터넷·IT·통신·모바일·게임>웹프로그래머>JAVA|인터넷·IT·통신·모바일·게임>웹프로그래머> Python|경영·인사·총무·사무>경영·기획·전략>경영기획|경영·인사·총무·사무>경영·기획·전략>사업기획|경영·인사...
https://kr.indeed.com/viewjob?jk=1806287902a1a36e,[데이터센터] (경력/신입) 카카오 데이터센터 Data Scientist 모집,성남 판교역,,"않고, 기술이 비즈니스 가치로 변모할 수 있는 그 가능성에 집중합니다. 지원자격 필수사항 Go, Python, Scala, Java, C/C++ 중 하나 이상의 언어에 능숙하신 분 SQL 또는 HiveQL에 능숙하신..."
https://kr.indeed.com/viewjob?jk=447e5726f229a2b7,"Cloud Technical Solutions Engineer, Networking",서울,,"reading or debugging code (e.g., Java, C, C++, .NET, Python, Shell, Perl, JavaScript). Experience advocating for customer..."
https://kr.indeed.com/viewjob?jk=387c6b57b19a4825,[다음포털] 카카오 콘텐츠 데이터(엔지니어/사이언티스트/모델러) 모집,대한민국,,"및 인사이트 도출 모델 평가를 위한 평가 지표 개발 지원자격 팀 커뮤니케이션이 원활하신 분 R, Python으로 능숙한 프로그래밍이 가능하신 분 TensorFlow/Keras, PyTorch, sklearn, Spark..."
https://kr.indeed.com/viewjob?jk=05121752364559cb,new[보안]보안 솔루션 엔지니어(정규직),대한민국,,"고도화 및 효율화 - 정보보호시스템 로그 관리 및 분석 [자격사항] - 보안 관련 실무 경력 3년 이상 - Python, Shell 등 언어 사용 능력을 보유한 분 - 상용 솔루션 및 각종 OS 등의 취약점 분석 및 대응..."
https://kr.indeed.com/viewjob?jk=86946415243e7f5c,한림대성심병원 빅데이터센터 구축 경력직 채용공고,대한민국,,"Common Data Model 관련 프로젝트 경험자 우대 라. NoSQL, Oracle, Sybase, R, Python 가능자 우대 마. 서버관리/정보보안, 텍스트마이닝 경험자 우대 - 담당업무 가. 데이터 레이크/데이..."
https://kr.indeed.com/viewjob?jk=3af620c30edeb241,테크빌더팀 - 게임서비스 지원 개발자,성남 분당구,,"com/NDC2017/sessions/NDC2017_0075.html [운영 환경] - C++, C#, Python - Windows Server, ubuntu - MySQL - AWS 지원자격 - C++, C#..."
https://kr.indeed.com/viewjob?jk=6aebabcddef7f514,Field Application Engineer,경기도 용인,,"troubleshooting. Preferably to have coding capability (Matlab, Python...etc... data analysis, visualization, and algorithm..."
https://kr.indeed.com/viewjob?jk=fb26d80bff546906,new(주)엘솔루 R&D본부 ASR팀 개발직,서울,,"제공 [필수사항] ㆍ프로그래밍에 재능 및 열정이 있는 자 ㆍJava, Python 중 하나 이상의 언어사용자 ㆍWeb 개발능력 ㆍ리눅스 사용 경험자... 머신러닝(ML)|인터넷·IT·통신·모바일·게임>응용프로그래머> Python"
https://kr.indeed.com/viewjob?jk=9e1861e691426a98,Field AI Engineer,서울,,"hardware acceleration technologies Experience with Python and C++... depth knowledge of computer architectures, high..."
https://kr.indeed.com/viewjob?jk=a3ba70ac814000d4,newSystem Integration Engineer,서울 강남구,,"Oscilloscope*, Logic Analyzer*, Debugger*, Emulator*, Perl, Python, 32-bit Microcontroller*, Automotive Job Description..."
https://kr.indeed.com/viewjob?jk=fc09bd46b913c048,시스템 엔지니어링,성남 판교역,,"운영 경험 보유 - 쉘 스크립트 또는 프로그래밍 개발 스킬 보유 * Bash, PowerShell, Python, JAVA, etc * 운영 자동화/효율화 경험 보유 - 대용량 트래픽 처리를 위한 인프라 설계와 구축..."
https://kr.indeed.com/viewjob?jk=752a4b5d63eac97c,Back-end Engineer (Python),서울 강남구,,"찾아요 5년 이상의 웹/앱 서비스의 백엔드 시스템 개발 경험이 있으시거나 이에 준한 역량을 갖추신 분 Python(Django, Flask) 개발 경험이 있으신 분 AWS 환경에서의 개발이 익숙하신 분 git 기반 코드..."
https://kr.indeed.com/viewjob?jk=3fc2a5852791803c,new[TmaxCloud/기술] QA 담당자,성남 분당구,,"사고자 - 클라우드 서비스에 대한 이해도 보유자 ProLinux QA 담당자 - 신입/경력 무관 - Python 사용 경험자 - 리눅스 및 유닉스 서버에 대한 지식 보유자 - 클라우드, VM, 컨테이너 기술에 대한 이해도..."
https://kr.indeed.com/viewjob?jk=43f8edb38c7888c7,[위메프오] 서버개발자(정규직),대한민국,,"데이터베이스 분산설계 및 미들웨어 개발 [자격사항] - 서버 프로그래밍 언어(PHP, Go, C/C++, Python, Java) 중 1개 이상 사용이 가능한 분 - 자료구조, 알고리즘, 분산처리 등 SW관련 기본지식 보유..."
https://kr.indeed.com/viewjob?jk=b9b3087ba79fce98,new대기업 시큐리티 카메라 SOC 개발자 (판교),서울,"연봉 60,000,000원 - 70,000,000원","VHDL RTL 설계- System-Verilog 및 UVM 설계- Python, C/C++ 가능- Timing report 분석 가능(DC,PT... 게임>빅데이터·AI(인공지능)> Python|인터넷·IT·통신·모바일·게임..."
https://kr.indeed.com/viewjob?jk=5964e895e5eaa8e5,new백엔드 개발자,성남 분당구,,"주로 ASP.Net Core 로 개발 되어 있으며, akka.net. python, golang 으로 되어 있는 서비스들도 있기 때문에, 원하시는... asp.net core, C# 나 python 개발에 능숙 하신 분..."
https://kr.indeed.com/viewjob?jk=689fe017761c1a31,newHANA Development Support Quality Engineer,서울,,"database architecture and SQL Knowledge of LINUX Knowledge of Python/shell-Scripting, C/C++ Using C++-Debuggers (like GDB..."
https://kr.indeed.com/viewjob?jk=af17b86afdec1e25,new[정보보안] 보안기반 분석 개발 담당 모집,성남 판교역,,"이기종 보안시스템의 운영업무 자동화 개발 지원자격 학력 : 무관 경력기간 : 5년 ~ 10년 필수조건 - Python 프로그래밍 언어로 개발이 가능하며, 오픈소스를 활용한 개발이 가능한 분 - 보안솔루션의 동작 원리와 연동..."
https://kr.indeed.com/viewjob?jk=bbbfbb33164df0e3,Junior Software Engineer - Server Platform,서울,,"프라 위에 안정적이고 효율적인 서비스 설계 및 구축 핵심 자격요건 Python, Java, Kotlin, Go, C++ 등 서버 사이드 프로그래밍... Understanding of Python, Java, and Event..."
https://kr.indeed.com/viewjob?jk=abbb8df34c660e0a,"빅데이터, (AI)인공지능 외 신입/경력 인턴 (정규직전환)",서울 금천구,,인공지능)>인공지능(AI)|인터넷·IT·통신·모바일·게임>빅데이터·AI(인공지능)>데이터분석|인터넷·IT·통신·모바일·게임>빅데이터·AI(인공지능)> Python|인터넷·IT·통신·모바일·게임>빅데이터·AI(인공지능)>딥러닝
https://kr.indeed.com/viewjob?jk=30c7776925c0e629,newField Service Engineer Korean Branch,경기도 화성,,"electronics... mechanics Programming knowledge (SPS, Python) and experience with Linux systems is advantageous Very good..."
https://kr.indeed.com/viewjob?jk=918468d6e12a17e8,네트워크 엔지니어링,성남 판교역,,"관리 도구 개발/운영 - 관련학과 졸업 후, 경력 3년 이상 - 리눅스 환경 개발 경력 2년 이상 - Python, Django, Javascript 관련 개발 경험 - CCNA 또는 JNCIA 이상의 자격증 보유..."
https://kr.indeed.com/viewjob?jk=d4412b208f5b11de,newSystem Engineer,경기도 성남,,"현황 및 지표 분석이 가능하신 분 - Active Directory 구축,운영 경험이 있으신 분 - 아이디어를 나누고 공유하는 커뮤니케이션을 즐거워 하시는 분 - Python,Go 등 프로그래밍의 자기계발을 하시는 분"
https://kr.indeed.com/viewjob?jk=4b31a4ae3ffd862a,각 부문별 신입/경력사원,서울 중구,,지능(AI)|전자·기계·기술·화학·연구개발>광학·의료장비>AI의료|인터넷·IT·통신·모바일·게임>웹프로그래머> Python|인터넷·IT·통신·모바일·게임>네트워크·서버·보안>정보보안|의료·간호·보건·복지>치료·의료기사>보건의료...
https://kr.indeed.com/viewjob?jk=35ba221c73ad31a2,Data Engineer,경기도 평택,,"data APIs, data modeling, and data warehousing solutions. R, Python, Ruby, C++, Perl, Java, SAS, SPSS, and Matlab. Strong..."
https://kr.indeed.com/viewjob?jk=1d387e7ee0065eae,new(화학대기업) IT기획,성남 분당구,,JAVA|인터넷·IT·통신·모바일·게임>웹프로그래머>PHP |인터넷·IT·통신·모바일·게임>웹프로그래머> Python|인터넷·IT·통신·모바일·게임>웹프로그래머>ASP.NET|인터넷·IT·통신·모바일·게임>웹프로그래머>VB.NET
https://kr.indeed.com/viewjob?jk=36df1dfea186e63e,BIOS/Firmware Engineer,서울,,"years experience required on BIOS/Firmware - Knowledge of C, Python... other programming or scripting languages - Broad..."
https://kr.indeed.com/viewjob?jk=0064deb5fa9cbce0,데이터 사이언티스트 모집,성남 판교역,,"양한 실험을 통해 알고리즘을 개선합니다. 지원자격 지원자격 하나 이상의 프로그래밍 언어에 익숙한 분( Python, Java, C/C++, Scala 등) 머신러닝/딥러닝 오픈소스를 이용하여 1년 이상 특정 서비스에 모델..."
https://kr.indeed.com/viewjob?jk=2c4c5856662783e7,Data Analyst,서울,,learning / predictive modeling ) • 통계 프로그램 활용 능력 SAS / R / Python 중 최소 1가지 중급 이상의 활용능력 요구 • Communication Basic English...
https://kr.indeed.com/viewjob?jk=ee7bb11873ae75fa,[던전앤파이터] 리깅TA,제주도,,"리깅 구조를 설계하고 확장해 나갈수 있으신 분 - max script, python, mel, c# 중 한 가지 이상 사용가능하신 분 ※ 포트폴리오... 3D툴 사용경험이 있으신 분 - Python 툴 개발 경험이 있으신 분..."
https://kr.indeed.com/viewjob?jk=1e974ff27c6eb340,Autonomous Driving 분야 엔지니어,서울 강남구,,"프로그래밍 기술 (C/C++, Python 등) - 이동 로봇/드론 관련... platform 개발 경험 - 뛰어난 프로그래밍 기술 (C/C++, Python) - 3D geometry, math, physics 관련 경험 및..."
https://kr.indeed.com/viewjob?jk=318c6841866ac8d5,(주)아이옵스 소프트웨어 개발자,대전 유성구,,"트스트랩, 웹개발, C++, C#, python, java 등 1개 이상의... 우대사항]- 자바스크립트, 부트스트랩, 웹개발, C++, C#, python, java 등 1개 이상의 개발환경 능숙자- Windows, Linux..."
https://kr.indeed.com/viewjob?jk=f6880357422fc8ad,Graduate Energy Storage Engineer,대한민국,,"Homer Grid, DigSilent PowerFactory, PSS®E, MATLAB/Simulink, Python. Self-motivated with an aspiration to develop a successful..."
https://kr.indeed.com/viewjob?jk=e97e5ff34697d5a9,[KRAFTON] 음성 (TTS/STT) 딥러닝 엔지니어,서울,,험을 보유하신 분 독창적인 기술 제시 및 문제 해결을 위한 프로그래밍 능력을 보유하신 분 (C/C++/ Python/shell 등) 오픈소스 기반 딥 러닝 프레임워크 활용 능력을 보유하신 분 (PyTorch/TensorFlow...
https://kr.indeed.com/viewjob?jk=38ba0748fb8d6e74,시스템 엔지니어 (이미지 센서) 주임 ~ 과장,경기도 수원,"연봉 45,000,000원 - 55,000,000원",driver 개발 • ASIC 후 BSP support 및 API 개발 [자격요건] • C/C++/ Python 언어 코딩 기술 • ARM/RISCV/MIPS등의 embedded 기반 S/W 개발 경험 및 가능한 자...
https://kr.indeed.com/viewjob?jk=20abdd225641e77a,"Software QA Infotainment Test Engineer, Bundang, Gyeonggi, K...",경기도 성남,,"one or more scripting languages... Perl, Ruby, Python, or Bash Passionate about troubleshooting failures to determine..."
https://kr.indeed.com/viewjob?jk=8bb19cc253eea9a5,newSenior Data Scientist,서울 영등포구,,"이해하고 활용하는데 어려움이 없으신 분 데이터 분석/모델링을 위한 언어 및 프레임워크 사용에 익숙하신 분 ( Python, R, SQL, Pandas, TensorFlow, Pytorch, Spark 등) 회사 내부 구성원들과..."
https://kr.indeed.com/viewjob?jk=3af620c30edeb241,테크빌더팀 - 게임서비스 지원 개발자,성남 분당구,,"com/NDC2017/sessions/NDC2017_0075.html [운영 환경] - C++, C#, Python - Windows Server, ubuntu - MySQL - AWS 지원자격 - C++, C#..."
https://kr.indeed.com/viewjob?jk=61b0c0fde5bb6acc,"newAnalyst, Data Science",서울,,"experience is added advantage Preferably candidates with SPSS, R, Python or other Statistical packages experience Familiar MS..."
https://kr.indeed.com/viewjob?jk=af1b1800c6df998a,침해시도 분석/대응 전문가,서울 강남구,,"경험 - Firewall/IPS/Botnet 탐지 솔루션 구축/운영 경험 - 업무 자동화를 위한 개발 ( Python 등) 스킬 보유 - Splunk, Elastic 활용 경험 - Private/Public Cloud 환경의..."
https://kr.indeed.com/viewjob?jk=87309d3ff40ead61,딥러닝 AI 개발 연구원,성남 수정구,,시스템프로그래머>임베디드(Embedded)|인터넷·IT·통신·모바일·게임>응용프로그래머>C·C++|인터넷·IT·통신·모바일·게임>응용프로그래머>Linux|인터넷·IT·통신·모바일·게임>빅데이터·AI(인공지능)> Python
https://kr.indeed.com/viewjob?jk=63bd0323ac917d78,[아이콘트롤스] 2020년 경력 직원 (기술연구소) 연구개발부문,성남 분당구,,"자격요건>(필수)- 데이터 엔지니어 경력 3년 이상- 프로그램 개발( Python, Java) 능력 보유- 대용량 데이 인터넷·IT·통신·모바일·게임... 통신·모바일·게임>웹프로그래머> Python|인터넷·IT·통신·모바일·게임..."
https://kr.indeed.com/viewjob?jk=120861dc39e392af,연동서비스개발팀 - 웹 프로그래머,성남 분당구,,"이를 기반으로 각종 서비스를 개발/제공합니다. 지원자격 - 웹 어플리케이션 개발경력 1년 이상 - C#, Python 중 하나 이상의 언어를 활용하여 개발이 가능하신 분 - DB 및 웹어플리케이션에 대한 기본적인 이해를..."
https://kr.indeed.com/viewjob?jk=18b288e9021d899f,NAVER IDC 서버 운영/관리,춘천 동면,,"Web, WAS에 대한 지식과 System application 운영 경험 - Shell script, python 활용 가능 - 해외 데이터센터 인프라 구축 또는 운영 경험 - 국가보훈대상자 및 장애인은 법령에 의거 우대..."
https://kr.indeed.com/viewjob?jk=ded8bcea22397699,[Janssen] Data Scientist,서울,,"Expertise in one or more programming languages... R, Python or SAS. • Knowledge of relational database architecture..."
https://kr.indeed.com/viewjob?jk=f6831da07ef8ab0e,new[웹젠] TA(Unreal Engine 4)(경력),성남 분당구,,"티스트를 위한 툴 제작 및 각종 기술 문서 작성 (Blueprint, python, maxscript) - 아트 컨텐츠 관련 이슈 해결 및 기술 지원... 문서 작성 (Blueprint, python, maxscript) - 아트..."
https://kr.indeed.com/viewjob?jk=7df915e1f0f86b2d,Software Architecture 설계 엔지니어,성남 분당구,"연봉 40,000,000원 - 100,000,000원",경험 - Windows/Linux 상에서 C++/ Python 언어 사용 개발 경험 - C++ / Python 언어 사용 개발 경험 - 객체지향 설계에... 게임>빅데이터·AI(인공지능)> Python|인터넷·IT·통신·모바일·게임...
https://kr.indeed.com/viewjob?jk=6dc69836dd17be4f,new주식 관련 데이터 기획자 신입,서울 영등포구,,인터넷·IT·통신·모바일·게임>빅데이터·AI(인공지능)> Python|인터넷·IT·통신·모바일·게임>빅데이터·AI(인공지능)>빅데이터|인터넷·IT·통신·모바일·게임>데이터베이스·DBA>MySQL
https://kr.indeed.com/viewjob?jk=e4e7e2e0d73f981f,Data Scientist,경기도 평택,,"Tools, and Techniques Demonstrated proficiency with R or Python, and SQL to manipulate data and draw insights from large..."
https://kr.indeed.com/viewjob?jk=a645f1e43fb97ee4,2021년 보로노이 AI연구원 수시,인천 연수구,"연봉 30,000,000원","모델 연구 - 합성, 바이오 연구자들과 공동 기술연구 및 개발 [자격요건] - 화학, 수학 전공자 - Python 프로그래밍 [우대사항] - 인공지능 모델 유경험자 우대 경력조건 무관 필요경력 자격면허 병역 병역 특례..."
https://kr.indeed.com/viewjob?jk=7cb5c3076d1701db,"Staff Field Applications Engineer, Audio",서울,,"High level or detailed knowledge of SOC design. C/C++, python coding skills. Knowledge of music, audio/video production..."
https://kr.indeed.com/viewjob?jk=18e25291e6cb0e9c,new(분당/3200만이상)만도연구소 SW검증/테스트 연구원,성남 분당구,"연봉 30,000,000원 - 35,000,000원","퓨터공학 관련 전공자 C#, Python 등 사용 가능자 우대 MATLAB... 차무관)대학(2,3년)졸업 이상기계/전자/컴퓨터공학 관련 전공자C#, Python 등 사용 가능자 우대MATLAB 사용 경험자 우대OA활용 능력 우수..."
https://kr.indeed.com/viewjob?jk=a64e1e21f61265ce,각 분야별 인재 Pool 등록,서울,,"자 - 데이터 분석 툴(Adobe Analytics 또는 Google Analytics) 유경험자 우대 - Python, R, SQL 역량 보유자 우대 - 데이터에 기반한 문제해결 능력 및 통계학적 지식 보유자 우대 - 담당..."
https://kr.indeed.com/viewjob?jk=1fb3842081332589,ADS Data Analyst,대한민국,,"준하는 경력이 있으신 분 Hadoop 환경에 대한 이해를 기반으로 Hive SQL 사용이 능숙하신 분 R, Python을 모두 사용하여 통계 분석 및 예측 모델링이 가능하신 분 논리적 추론과 해석 및 분석 항목 도출을 통한..."
https://kr.indeed.com/viewjob?jk=afe92c03320fe1b3,카카오 광고 서비스 알고리즘 및 시스템 개발,성남 판교역,,"함께 하고 싶습니다. 지원자격(공통) 하나 이상의 프로그래밍 언어에 익숙한 분 (C/C++, Java, Python, Go, Scala 등) [알고리즘 개발 업무 관련 지원 경우] 데이터 마이닝 또는 머신러닝 지식/경험이..."
https://kr.indeed.com/viewjob?jk=03183dbe1db35308,newApplication Engineer,경기도 성남,,high-level programming language... C++/Java/ Python. Some coursework or application experience in industrial robotics...
https://kr.indeed.com/viewjob?jk=fc09bd46b913c048,시스템 엔지니어링,성남 판교역,,"운영 경험 보유 - 쉘 스크립트 또는 프로그래밍 개발 스킬 보유 * Bash, PowerShell, Python, JAVA, etc * 운영 자동화/효율화 경험 보유 - 대용량 트래픽 처리를 위한 인프라 설계와 구축..."
https://kr.indeed.com/viewjob?jk=708845b0028e67c6,new자산운용본부 및 마케팅 인턴사원(체험형),대한민국,,"년 07월 이내 졸업예정자 - MS Office(엑셀, 워드, 파워포인트) 능력 우수자 - 프로그래밍 ( Python, R 등) 능력 - 산업 및 기업 리서치(기업Valuation 경험자) - UX/ UI 능력 2. 기간 ㆍ..."
https://kr.indeed.com/viewjob?jk=d69b5a1e60c65ce6,데이터 마케팅 경력사원,서울 영등포구,,"능력 보유자 (SQL, R, Python, Scalar, Hadoop 등... 운영 경험자 - CRM 캠페인 기획/운영 경험자 - SQL, R, Python 등 통계 패키지 활용 자격증 보유자 모집기한: ~ 본 포지션 채용 시점..."
https://kr.indeed.com/viewjob?jk=f03820a677487093,new(사)한국우정기술협회 시스템 개발기획·설계 경력직,서울 중구,"월급 4,400,000원","서비스 개발기획 경험자ㆍ요구사항정의, 품질, 형상관리 등의 수행 가능자ㆍ Python, SQL, HTML 등에 대한 이해 또는 사용 경험ㆍ기획, 디자인... 통신·모바일·게임>웹프로그래머> Python|인터넷·IT·통신·모바일·게임..."
https://kr.indeed.com/viewjob?jk=a2dda96256a7770c,[EY컨설팅] 금융컨설팅본부 리스크관리 경력 컨설턴트 모집,대한민국,,"국내외 금융기관 리스크관리 컨설팅 또는 여신업무 프로세스 개선(PI) 컨설팅 경험 - SAS, SQL, Python, R 등을 활용한 데이터분석 역량 보유자 우대 - 관련 자격증 소지자 (FRM 등) 우대 - 외국어..."
https://kr.indeed.com/viewjob?jk=3cf01580ba5eb23a,NLP Researcher,서울,,"Stacks [Back-end] Language: python, golang Python Framework: Django, Bottle [Front... Language: python, golang Python Framework..."
https://kr.indeed.com/viewjob?jk=752a4b5d63eac97c,Back-end Engineer (Python),서울 강남구,,"찾아요 5년 이상의 웹/앱 서비스의 백엔드 시스템 개발 경험이 있으시거나 이에 준한 역량을 갖추신 분 Python(Django, Flask) 개발 경험이 있으신 분 AWS 환경에서의 개발이 익숙하신 분 git 기반 코드..."
https://kr.indeed.com/viewjob?jk=97da3b7c36b4fc65,Game AI Research 분야 수시 모집,성남 판교역,,"Vision, Reinforcement Learning, NLP, Optimization, PCG 등 o Python 사용에 능숙한 사람 우대사항 o 상기 세부 R&D분야 관련 학위 소지자 o Deep Learning R..."
https://kr.indeed.com/viewjob?jk=efbba2803e24d3e4,new(주)대은계전 기업부설연구소 연구원 (신입가능),제주 제주시,,"ㆍ컴퓨터활용능력 우수, 차량소지자, 엑셀 고급능력자 인터넷·IT·통신·모바일·게임>데이터베이스·DBA>MySQL|인터넷·IT·통신·모바일·게임>웹프로그래머> Python|인터넷·IT·통신·모바일·게임>응용프로그래머>Linux"
https://kr.indeed.com/viewjob?jk=1d15e5adc115c979,서비스 개발 및 운영 관리,서울 금천구,,"jquery, apache http server, mariadb, python, django주요업무서비스 개발 및 인프라 운영 관리백엔드 - 서버... 업무 및 개발 경험자 Python, django, Java 및..."
https://kr.indeed.com/viewjob?jk=1d387e7ee0065eae,new(화학대기업) IT기획,성남 분당구,,JAVA|인터넷·IT·통신·모바일·게임>웹프로그래머>PHP |인터넷·IT·통신·모바일·게임>웹프로그래머> Python|인터넷·IT·통신·모바일·게임>웹프로그래머>ASP.NET|인터넷·IT·통신·모바일·게임>웹프로그래머>VB.NET
https://kr.indeed.com/viewjob?jk=d8a8869ab092f731,데이터 엔지니어 및 사이언티스트,성남 판교역,,"등 데이터 엔지니어와 사이언티스트의 업무를 경계 없이 수행하게 됩니다. 지원자격 개발 경력 3년 이상 Python, Scala, Java, C++ 중 하나 이상의 언어에 능통 SQL 또는 HiveQL에 능통 대용량 데이..."
https://kr.indeed.com/viewjob?jk=c3db6ec00a95f955,new[대형증권사] IT퀀트 개발자,서울 강남구,,"로세스에 대한 이해학력사항: 대학교(4년)졸업 - 이공계 전공, C#, Python,JavaScript,SQL 사용 가능 우대 0 명 근무조건 고용형태... 통신·모바일·게임>웹프로그래머> Python|인터넷·IT·통신·모바일·게임..."
https://kr.indeed.com/viewjob?jk=7420bd6ad89ff63a,미국 법인 보안 담당자,성남 판교역,,진행 가능하신 분 - 해외 근무에 결격 사유가 없는 분 - 악성코드 동적/정적 분석 능력 보유 - Python 등 스크립트 개발을 통한 업무 효율화 경험 - Elastic Stack에 대한 이해와 운영 경험 - 클라...
https://kr.indeed.com/viewjob?jk=d4e0ea410b5cedb2,[국내 최고회사] Front-End 개발자,성남 분당구,,프론트엔드|인터넷·IT·통신·모바일·게임>웹프로그래머>웹개발|인터넷·IT·통신·모바일·게임>웹프로그래머> Python|인터넷·IT·통신·모바일·게임>웹기획·웹마케팅·PM>웹서비스기획|인터넷·IT·통신·모바일·게임>웹기획·웹마케...
https://kr.indeed.com/viewjob?jk=918468d6e12a17e8,네트워크 엔지니어링,성남 판교역,,"관리 도구 개발/운영 - 관련학과 졸업 후, 경력 3년 이상 - 리눅스 환경 개발 경력 2년 이상 - Python, Django, Javascript 관련 개발 경험 - CCNA 또는 JNCIA 이상의 자격증 보유..."
https://kr.indeed.com/viewjob?jk=269f9a96319ef19a,머신러닝 엔지니어 모집,성남 판교역,,"델의 성능 검증 및 지속 개선 대규모 로그 데이터 통계 분석을 통한 피쳐 추출 지원자격 #필수사항 Python, Java, C++ 등 언어 중 하나 이상 활용 가능하신 분 TensorFlow/Keras, PyTorch..."
https://kr.indeed.com/viewjob?jk=0e8c9121e92a0c74,"웹개발 경력자 (Python Django, 연봉 4,500~8,000만원)",서울 서초구,"연봉 45,000,000원 - 80,000,000원","1) 전자 관련 학과, 정보통신 관련 학과, 정보보호 또는 정보처리기술 관련 학과 2) 경력 4년 이상 인터넷·IT·통신·모바일·게임>웹프로그래머>백엔드"
https://kr.indeed.com/viewjob?jk=c9907b873db2bb83,new소프트웨어 엔지니어 경력직 - 노바,안성 보개면,"연봉 42,000,000원","상용직 근무예정지 경기도 안성시 보개면 보개원삼로 (주)노바 인근지하철 직무내용 C, C++, C#, Python , 임베이드 활용한 회로설계 및 제어 프로그램 (자율주행 및 AI) 경력조건 경력 필요경력 3년 0개월..."
https://kr.indeed.com/viewjob?jk=40462398c7170442,[기업부설연구소]AI기반 비전시스템 개발 정규직 전문연구원 모집,대한민국,,"지원자격 경력 1년 이상 undefined 대학교(4년) 우대조건 Python, 미신러닝/딥러닝에 대한 폭넓은 기본지식, 최신 연구논문에 대한 이해... 전공 - 통계학 전공 - 직접 : Python, C++,Tensorflow..."
https://kr.indeed.com/viewjob?jk=a5411ef2bbefbd7f,new[웹젠] 게임보안(경력),성남 분당구,,"PC/AOS/IOS 어플리케이션 리버싱 가능한 분 - C/C++/ Python/Java 등 개발 능력을 보유한 분 - 문제점 파악 후, 개선 방안 제시... 리버싱 가능한 분 - C/C++/ Python/Java 등 개발 능력을 보유..."
https://kr.indeed.com/viewjob?jk=4ade52bb05545770,[전국렌터카공제조합] 신입 및 경력직,경기도,,웹개발|인터넷·IT·통신·모바일·게임>웹프로그래머>JSP|인터넷·IT·통신·모바일·게임>웹프로그래머> Python|인터넷·IT·통신·모바일·게임>응용프로그래머>iOS|인터넷·IT·통신·모바일·게임>응용프로그래머>Android...
https://kr.indeed.com/viewjob?jk=6b210054dfaf53d3,new[AI R&D] User Profiling 및 서비스 사용성 분석 기술 분야 수시 모집,성남 판교역,,"하는 능력 - Python 언어에 능숙하신 분 2. 해당직무 입사자 필요 조건 - Machine Learning, 수학, 통계, Pattern Recognition, Data/Text Mining - Python 우대사항..."
